date,rating,author,author_reviews_count,text
2024-09-01,1,Динара Б.,27,"Переехали в этот район и искали рядом. Мне поставили пломбу на семёрку. Ждал больше часа, хотя был записан на 4:00. Врач торопился и ничего не объяснил. Анестезия подействовала сразу."
2024-09-12,5,Максат В.,1,"Сыну делали профчистку с Air Flow. Вышло около 18500 сом, как и говорили. Анестезия подействовала сразу. Рекомендую этого врача."
2024-09-15,5,Максат Б.,27,"Нашли клинику через 2ГИС. Сыну перелечивали старый канал. Доктор Алмаз сразу сказал, сколько будет стоить. Администратор перезвонила накануне и напомнила о визите. Сделали за 3 визита."
2024-09-17,5,Жылдыз Г.,2,Нашли клинику через 2ГИС. Папе поставили пломбу на семёрку. Бектур предложил два варианта лечения на выбор. Парковка рядом неудобная.
2024-09-23,1,Светлана Д.,2,"Дочке делали временную коронку. Ребёнка не смогли успокоить, сказали приходить с наркозом за 1500 сом. Через неделю на контроле всё хорошо."
2024-09-27,4,Наталья Д.,40,"Записались за два дня. Папе делали временную коронку. Доктор Виктория сразу сказал, сколько будет стоить. Ждал в коридоре минут 90. Спасибо!"
2024-09-30,5,Азамат Б.,2,"Переехали в этот район и искали рядом. Мне и брату поставили пломбу на семёрку. Жанара работает аккуратно, без спешки. Пришлось прийти второй раз на подгонку."
2024-09-30,5,Наталья С.,27,Нашли клинику через 2ГИС. Мне ставили брекеты на верхнюю челюсть. Ирина Викторовна предложил два варианта лечения на выбор. Пришлось прийти второй раз на подгонку.
2024-10-09,5,Жылдыз Б.,2,Сыну делали циркониевую коронку. Асель Маратовна предложил два варианта лечения на выбор. Через неделю на контроле всё хорошо. Администратор перезвонила накануне и напомнила о визите.
2024-10-10,5,Бакыт Б.,1,Ходили в начале месяца. Мне и брату лечили пульпит. Ждал в коридоре минут 29. Парковка рядом неудобная.
2024-10-21,4,Эрлан Г.,6,Переехали в этот район и искали рядом. Мужу делали профчистку с Air Flow. Жанара предложил два варианта лечения на выбор. Парковка рядом неудобная. Администратор перезвонила накануне и напомнила о визите. Буду ходить сюда.
2024-10-25,5,Динара М.,3,"Обратились с острой болью вечером. Мне и брату лечили пульпит. Дали гарантию на год. Через неделю на контроле всё хорошо. Оплатили картой, дали чек."
2024-11-01,5,Мээрим В.,2,Мне ставили брекеты на верхнюю челюсть. Анестезия подействовала сразу. Парковка рядом неудобная. Буду ходить сюда.
2024-11-12,5,Бекжан Ж.,2,"Маме перелечивали старый канал. Жанара предложил два варианта лечения на выбор. Через неделю на контроле всё хорошо. Вышло около 7500 сом, как и говорили. Сделали за 2 визита."
2024-11-29,5,Улан З.,27,Нашли клинику через 2ГИС. Дочке лечили два канала на нижней шестёрке. Врач Алмаз всё объяснила спокойно и показала снимок. Парковка рядом неудобная. Цены средние по городу.
2024-11-30,5,Светлана Б.,27,"Жене лечили пульпит. Ирина Викторовна предложил два варианта лечения на выбор. Вышло около 1000 сом, как и говорили. Парковка рядом неудобная. Через неделю на контроле всё хорошо."
2024-12-03,5,Марат Г.,6,"Обратились с острой болью вечером. Сыну снимали воспаление десны. Наргиза работает аккуратно, без спешки. Анестезия подействовала сразу. Ждал в коридоре минут 60."
2024-12-06,4,Динара Ж.,1,Мужу делали временную коронку. Эрмек предложил два варианта лечения на выбор. Пришлось прийти второй раз на подгонку. Буду ходить сюда.
2024-12-08,5,Светлана В.,4,"Записались за два дня. Мне делали циркониевую коронку. Жанара предложил два варианта лечения на выбор. Оплатили картой, дали чек. Сделали за 3 визита. Рекомендую этого врача."
2024-12-17,5,Елена З.,1,"Переехали в этот район и искали рядом. Дочке лечили кариес на молочных зубах. Алмаз работает аккуратно, без спешки. Дали гарантию на год. Ждал в коридоре минут 86. Администратор перезвонила накануне и напомнила о визите. Буду ходить сюда."
2024-12-17,5,Гульнара Д.,27,Жене ставили имплант Osstem. Ирина Викторовна предложил два варианта лечения на выбор. Ждал в коридоре минут 11. Цены средние по городу.
2024-12-20,4,Гульнара Ж.,15,"Обратились с острой болью вечером. Мне и брату делали КТ перед имплантацией. Вышло около 17000 сом, как и говорили. Дома немного ныло пару дней, потом прошло. Буду ходить сюда."
2024-12-23,5,Камила Р.,1,"Пришла по совету подруги. Маме ставили имплант Osstem. У Асель Маратовна лёгкая рука, укол почти не почувствовал. Дали гарантию на год. Анестезия подействовала сразу. Вышло около 9500 сом, как и говорили. Цены средние по городу."
2024-12-26,3,Динара О.,4,"Переехали в этот район и искали рядом. Дочке делали временную коронку. Азиз работает аккуратно, без спешки. Дома немного ныло пару дней, потом прошло. Через неделю на контроле всё хорошо. Пришлось прийти второй раз на подгонку. Сделали нормально, но сервис мог бы быть лучше. Рекомендую этого врача."
2025-01-10,4,Наталья Р.,27,"Пришла по совету подруги. Жене перелечивали старый канал. Врач Тилек всё объяснила спокойно и показала снимок. Анестезия подействовала сразу. Ждал в коридоре минут 41. Оплатили картой, дали чек."
2025-01-16,2,Бакыт Н.,1,"Мне лечили пульпит. После удаления неделю болело, на звонки в клинику не отвечали. Дома немного ныло пару дней, потом прошло."
2025-01-24,5,Сергей Н.,15,"Мне и брату лечили пульпит. У Бектур лёгкая рука, укол почти не почувствовал. Дома немного ныло пару дней, потом прошло. Анестезия подействовала сразу. Ждал в коридоре минут 67. Буду ходить сюда."
2025-01-25,5,Улан Г.,3,"Нашли клинику через 2ГИС. Мне и брату ставили имплант Osstem. Врач Жанара всё объяснила спокойно и показала снимок. Дома немного ныло пару дней, потом прошло. Буду ходить сюда."
2025-01-28,4,Чолпон Г.,3,"Обратились с острой болью вечером. Мне и брату ставили брекеты на верхнюю челюсть. У Бектур лёгкая рука, укол почти не почувствовал. Парковка рядом неудобная."
2025-02-11,5,Елена С.,6,"Дочке делали циркониевую коронку. Виктория работает аккуратно, без спешки. Дали гарантию на год. Анестезия подействовала сразу. Парковка рядом неудобная."
2025-02-15,5,Улан С.,1,"Записались за два дня. Жене поставили пломбу на семёрку. Асель Маратовна работает аккуратно, без спешки. Пришлось прийти второй раз на подгонку."
2025-02-21,5,Жылдыз З.,1,"Обратились с острой болью вечером. Маме делали профчистку с Air Flow. Доктор Тилек сразу сказал, сколько будет стоить. Пришлось прийти второй раз на подгонку. Вышло около 2500 сом, как и говорили. Пока всё держится."
2025-02-23,5,Сергей К.,15,"Жене делали циркониевую коронку. Доктор Эрмек сразу сказал, сколько будет стоить. Дома немного ныло пару дней, потом прошло. Анестезия подействовала сразу. Пока всё держится."
2025-02-24,5,Тимур Д.,40,"Папе снимали воспаление десны. У Тилек лёгкая рука, укол почти не почувствовал. Ждал в коридоре минут 76."
2025-03-07,2,Камила К.,3,"Переехали в этот район и искали рядом. Жене лечили кариес на молочных зубах. После удаления неделю болело, на звонки в клинику не отвечали. Парковка рядом неудобная."
2025-03-16,2,Нурлан Ж.,27,"Переехали в этот район и искали рядом. Жене меняли старую пломбу. Поставили брекеты, а через месяц половина отклеилась, за переклейку взяли деньги. Вышло около 16000 сом, как и говорили."
2025-03-25,5,Светлана С.,3,"Нашли клинику через 2ГИС. Жене делали циркониевую коронку. Жанара работает аккуратно, без спешки. Дали гарантию на год. Пришлось прийти второй раз на подгонку. Цены средние по городу."
2025-03-26,5,Максат Н.,9,"Мужу лечили кариес на молочных зубах. Доктор Азиз сразу сказал, сколько будет стоить. Администратор перезвонила накануне и напомнила о визите. Парковка рядом неудобная. Дома немного ныло пару дней, потом прошло. Цены средние по городу."
2025-03-28,5,Светлана Б.,1,"Мужу снимали воспаление десны. Врач Азиз всё объяснила спокойно и показала снимок. Ждал в коридоре минут 5. Парковка рядом неудобная. Дома немного ныло пару дней, потом прошло."
2025-03-30,5,Наталья А.,2,"Обратились с острой болью вечером. Дочке поставили пломбу на семёрку. Жанара предложил два варианта лечения на выбор. Дома немного ныло пару дней, потом прошло. Вышло около 1500 сом, как и говорили."
2025-04-10,5,Светлана Г.,9,"Записались за два дня. Сыну поставили пломбу на семёрку. Наргиза работает аккуратно, без спешки. Парковка рядом неудобная. Вышло около 4000 сом, как и говорили. Администратор перезвонила накануне и напомнила о визите. Буду ходить сюда."
2025-04-16,4,Бакыт З.,1,Обратились с острой болью вечером. Жене поставили пломбу на семёрку. Врач Жанара всё объяснила спокойно и показала снимок. Анестезия подействовала сразу. Дали гарантию на год. Спасибо!
2025-04-21,4,Марат Т.,1,"Сыну делали КТ перед имплантацией. Тилек работает аккуратно, без спешки. Дома немного ныло пару дней, потом прошло."
2025-04-25,1,Наталья Е.,4,"Обратились с острой болью вечером. Мужу делали временную коронку. Ждал больше часа, хотя был записан на 3:00. Врач торопился и ничего не объяснил. Дали гарантию на год."
2025-04-26,5,Алина З.,6,"Сыну лечили два канала на нижней шестёрке. Бектур работает аккуратно, без спешки. Пришлось прийти второй раз на подгонку. Парковка рядом неудобная."
2025-05-06,5,Улан О.,4,"Нашли клинику через 2ГИС. Сыну лечили кариес на молочных зубах. У Жанара лёгкая рука, укол почти не почувствовал. Парковка рядом неудобная. Сделали за 4 визита. Рекомендую этого врача."
2025-05-16,5,Нургуль Б.,15,"Пришла по совету подруги. Мужу делали профчистку с Air Flow. Эрмек работает аккуратно, без спешки. Пришлось прийти второй раз на подгонку. Цены средние по городу."
2025-06-10,2,Камила С.,2,"Нашли клинику через 2ГИС. Мне и брату делали циркониевую коронку. Пломба выпала через 20 дней, переделывать бесплатно отказались. Анестезия подействовала сразу."
2025-06-20,5,Тимур В.,40,Ходили в начале месяца. Сыну меняли старую пломбу. Виктория предложил два варианта лечения на выбор. Дали гарантию на год. Через неделю на контроле всё хорошо.
2025-06-25,5,Марат А.,6,"Ходили в начале месяца. Мне и брату делали КТ перед имплантацией. У Бектур лёгкая рука, укол почти не почувствовал. Оплатили картой, дали чек. Через неделю на контроле всё хорошо. Дома немного ныло пару дней, потом прошло."
2025-06-29,5,Асель М.,6,"Переехали в этот район и искали рядом. Мужу лечили два канала на нижней шестёрке. У Ирина Викторовна лёгкая рука, укол почти не почувствовал. Сделали за 2 визита. Дали гарантию на год."
2025-07-02,4,Алина А.,40,"Пришла по совету подруги. Маме делали циркониевую коронку. Доктор Ирина Викторовна сразу сказал, сколько будет стоить. Пришлось прийти второй раз на подгонку. Спасибо!"
2025-07-07,5,Айбек С.,3,"Маме меняли старую пломбу. Виктория работает аккуратно, без спешки. Через неделю на контроле всё хорошо. Сделали за 2 визита. Пока всё держится."
2025-07-09,5,Динара З.,40,"Мне меняли старую пломбу. Доктор Бектур сразу сказал, сколько будет стоить. Дома немного ныло пару дней, потом прошло. Администратор перезвонила накануне и напомнила о визите. Пришлось прийти второй раз на подгонку."
2025-07-13,5,Светлана К.,1,"Мужу перелечивали старый канал. Доктор Виктория сразу сказал, сколько будет стоить. Вышло около 13500 сом, как и говорили. Анестезия подействовала сразу. Рекомендую этого врача."
2025-07-19,4,Айбек К.,1,Пришла по совету подруги. Мне и брату лечили кариес на молочных зубах. Врач Бектур всё объяснила спокойно и показала снимок. Ждал в коридоре минут 89. Парковка рядом неудобная.
2025-07-19,5,Ольга В.,4,"Жене меняли старую пломбу. Асель Маратовна работает аккуратно, без спешки. Ждал в коридоре минут 26. Анестезия подействовала сразу. Через неделю на контроле всё хорошо. Рекомендую этого врача."
2025-07-22,3,Камила Д.,4,"Сыну ставили имплант Osstem. Тилек предложил два варианта лечения на выбор. Сделали за 3 визита. Через неделю на контроле всё хорошо. Сделали нормально, но сервис мог бы быть лучше. Спасибо!"
2025-07-22,5,Елена К.,6,"Папе делали временную коронку. Врач Асель Маратовна всё объяснила спокойно и показала снимок. Дома немного ныло пару дней, потом прошло. Пришлось прийти второй раз на подгонку. Сделали за 2 визита."
2025-07-27,5,Гульнара В.,4,"Дочке перелечивали старый канал. Азиз работает аккуратно, без спешки. Через неделю на контроле всё хорошо. Буду ходить сюда."
2025-08-02,5,Елена А.,40,"Обратились с острой болью вечером. Мне лечили два канала на нижней шестёрке. Парковка рядом неудобная. Сделали за 2 визита. Оплатили картой, дали чек. Спасибо!"
2025-08-04,5,Динара Б.,4,"Нашли клинику через 2ГИС. Маме лечили кариес на молочных зубах. Алмаз работает аккуратно, без спешки. Дома немного ныло пару дней, потом прошло. Пришлось прийти второй раз на подгонку. Через неделю на контроле всё хорошо."
2025-08-04,5,Чолпон Е.,40,"Ходили в начале месяца. Сыну делали циркониевую коронку. Дома немного ныло пару дней, потом прошло. Пришлось прийти второй раз на подгонку. Оплатили картой, дали чек."
2025-08-14,5,Мээрим В.,1,Мне и брату ставили брекеты на верхнюю челюсть. Асель Маратовна предложил два варианта лечения на выбор. Сделали за 4 визита. Буду ходить сюда.
2025-09-10,5,Елена В.,1,Сыну лечили пульпит. Ждал в коридоре минут 86. Рекомендую этого врача.
2025-09-13,1,Асель Р.,6,"Записались за два дня. Маме делали временную коронку. Пломба выпала через 22 дней, переделывать бесплатно отказались. Дома немного ныло пару дней, потом прошло."
2025-09-17,5,Асель Е.,27,Были здесь уже раз пятый. Папе ставили брекеты на верхнюю челюсть. Ждал в коридоре минут 5. Сделали за 2 визита. Администратор перезвонила накануне и напомнила о визите. Пока всё держится.
2025-09-17,5,Бекжан К.,2,"Пришла по совету подруги. Дочке лечили пульпит. Азиз работает аккуратно, без спешки. Ждал в коридоре минут 50. Парковка рядом неудобная. Оплатили картой, дали чек. Рекомендую этого врача."
2025-09-20,4,Марат А.,9,"Нашли клинику через 2ГИС. Дочке делали циркониевую коронку. Доктор Тилек сразу сказал, сколько будет стоить. Администратор перезвонила накануне и напомнила о визите. Вышло около 10000 сом, как и говорили. Спасибо!"
2025-09-24,1,Ольга О.,4,"Нашли клинику через 2ГИС. Мне и брату удаляли нижний зуб мудрости. Пломба выпала через 46 дней, переделывать бесплатно отказались. Через неделю на контроле всё хорошо."
2025-09-29,5,Улан О.,1,Записались за два дня. Мне и брату меняли старую пломбу. Сделали за 4 визита. Через неделю на контроле всё хорошо.
2025-10-03,5,Динара К.,4,"Были здесь уже раз пятый. Мужу лечили кариес на молочных зубах. Ирина Викторовна работает аккуратно, без спешки. Анестезия подействовала сразу. Ждал в коридоре минут 6."
2025-10-10,5,Наталья Н.,2,"Обратились с острой болью вечером. Жене лечили два канала на нижней шестёрке. Дома немного ныло пару дней, потом прошло. Пришлось прийти второй раз на подгонку. Анестезия подействовала сразу."
2025-10-16,3,Сергей О.,15,"Мне и брату лечили два канала на нижней шестёрке. Тилек предложил два варианта лечения на выбор. Дали гарантию на год. Вышло около 7500 сом, как и говорили. Пришлось прийти второй раз на подгонку. Сделали нормально, но сервис мог бы быть лучше."
2025-10-23,5,Улан Б.,3,Записались за два дня. Папе лечили кариес на молочных зубах. Ждал в коридоре минут 40. Сделали за 2 визита. Дали гарантию на год.
2025-10-25,5,Азамат Е.,9,"Переехали в этот район и искали рядом. Мужу снимали воспаление десны. У Жанара лёгкая рука, укол почти не почувствовал. Дома немного ныло пару дней, потом прошло. Цены средние по городу."
2025-10-26,1,Нургуль О.,4,"Маме снимали воспаление десны. Поставили брекеты, а через месяц половина отклеилась, за переклейку взяли деньги. Пришлось прийти второй раз на подгонку."
2025-11-08,5,Азамат К.,6,"Обратились с острой болью вечером. Папе ставили брекеты на верхнюю челюсть. У Тилек лёгкая рука, укол почти не почувствовал. Администратор перезвонила накануне и напомнила о визите."
2025-11-10,5,Эрлан О.,3,"Ходили в начале месяца. Мужу поставили пломбу на семёрку. Через неделю на контроле всё хорошо. Анестезия подействовала сразу. Дома немного ныло пару дней, потом прошло. Рекомендую этого врача."
2025-11-10,5,Алина З.,40,"Сыну делали КТ перед имплантацией. Врач Эрмек всё объяснила спокойно и показала снимок. Парковка рядом неудобная. Оплатили картой, дали чек. Спасибо!"
2025-11-18,5,Елена С.,6,"Папе лечили кариес на молочных зубах. У Бектур лёгкая рука, укол почти не почувствовал. Дома немного ныло пару дней, потом прошло. Вышло около 16000 сом, как и говорили. Сделали за 4 визита. Пока всё держится."
2025-11-27,5,Улан С.,27,"Мужу ставили имплант Osstem. У Наргиза лёгкая рука, укол почти не почувствовал. Администратор перезвонила накануне и напомнила о визите."
2025-12-04,1,Чолпон К.,40,"Сыну делали циркониевую коронку. После удаления неделю болело, на звонки в клинику не отвечали. Дома немного ныло пару дней, потом прошло."
2025-12-16,5,Азамат Р.,4,"Ходили в начале месяца. Мне делали профчистку с Air Flow. У Виктория лёгкая рука, укол почти не почувствовал. Пришлось прийти второй раз на подгонку. Сделали за 4 визита. Через неделю на контроле всё хорошо. Спасибо!"
2025-12-24,4,Светлана Ж.,27,"Обратились с острой болью вечером. Маме лечили кариес на молочных зубах. Врач Наргиза всё объяснила спокойно и показала снимок. Сделали за 2 визита. Вышло около 19000 сом, как и говорили. Парковка рядом неудобная. Пока всё держится."
2025-12-26,5,Светлана Б.,4,"Мужу удаляли нижний зуб мудрости. Дома немного ныло пару дней, потом прошло. Ждал в коридоре минут 77. Сделали за 3 визита. Пока всё держится."
2025-12-30,5,Нургуль Р.,40,Записались за два дня. Папе перелечивали старый канал. Дали гарантию на год.
2026-01-02,5,Руслан В.,15,"Мне и брату меняли старую пломбу. Доктор Асель Маратовна сразу сказал, сколько будет стоить. Дома немного ныло пару дней, потом прошло. Рекомендую этого врача."
2026-01-06,5,Азамат Р.,40,"Ходили в начале месяца. Папе лечили пульпит. Асель Маратовна предложил два варианта лечения на выбор. Пришлось прийти второй раз на подгонку. Анестезия подействовала сразу. Дома немного ныло пару дней, потом прошло. Спасибо!"
2026-01-17,5,Чолпон З.,27,"Мне и брату делали циркониевую коронку. Бектур предложил два варианта лечения на выбор. Анестезия подействовала сразу. Дома немного ныло пару дней, потом прошло. Спасибо!"
2026-01-28,4,Светлана К.,2,"Были здесь уже раз пятый. Мужу лечили кариес на молочных зубах. Алмаз предложил два варианта лечения на выбор. Оплатили картой, дали чек. Сделали за 3 визита."
2026-01-29,5,Асель Г.,4,"Папе лечили пульпит. Врач Наргиза всё объяснила спокойно и показала снимок. Сделали за 4 визита. Вышло около 4000 сом, как и говорили."
2026-02-02,5,Ольга Г.,2,"Пришла по совету подруги. Папе снимали воспаление десны. Врач Азиз всё объяснила спокойно и показала снимок. Дома немного ныло пару дней, потом прошло. Ждал в коридоре минут 52."
2026-02-03,5,Нургуль К.,15,"Были здесь уже раз пятый. Сыну ставили имплант Osstem. Доктор Виктория сразу сказал, сколько будет стоить. Оплатили картой, дали чек. Пришлось прийти второй раз на подгонку. Через неделю на контроле всё хорошо. Спасибо!"
2026-02-04,5,Нурлан С.,40,Были здесь уже раз пятый. Мне и брату снимали воспаление десны. Виктория предложил два варианта лечения на выбор. Анестезия подействовала сразу. Через неделю на контроле всё хорошо.
2026-02-12,5,Азамат З.,2,"Записались за два дня. Папе лечили пульпит. Жанара работает аккуратно, без спешки. Дали гарантию на год."
2026-02-14,2,Айгерим Н.,1,"Мужу снимали воспаление десны. Пломба выпала через 14 дней, переделывать бесплатно отказались. Дали гарантию на год."
2026-02-19,5,Эрлан С.,4,"Нашли клинику через 2ГИС. Маме лечили два канала на нижней шестёрке. Доктор Виктория сразу сказал, сколько будет стоить. Парковка рядом неудобная. Ждал в коридоре минут 12. Цены средние по городу."
2026-03-04,4,Айгерим Р.,27,"Записались за два дня. Жене ставили имплант Osstem. Азиз работает аккуратно, без спешки. Через неделю на контроле всё хорошо. Вышло около 17000 сом, как и говорили. Пока всё держится."
2026-03-14,5,Нурлан Т.,40,"Переехали в этот район и искали рядом. Мне лечили кариес на молочных зубах. Эрмек работает аккуратно, без спешки. Оплатили картой, дали чек. Буду ходить сюда."
2026-03-19,5,Нургуль Е.,6,"Обратились с острой болью вечером. Маме делали профчистку с Air Flow. Виктория работает аккуратно, без спешки. Вышло около 17500 сом, как и говорили. Спасибо!"
2026-03-19,5,Руслан С.,1,"Сыну лечили два канала на нижней шестёрке. У Жанара лёгкая рука, укол почти не почувствовал. Через неделю на контроле всё хорошо."
2026-03-26,5,Нургуль К.,2,"Сыну поставили пломбу на семёрку. Доктор Азиз сразу сказал, сколько будет стоить. Администратор перезвонила накануне и напомнила о визите. Спасибо!"
2026-04-11,1,Руслан Н.,40,"Нашли клинику через 2ГИС. Маме удаляли нижний зуб мудрости. Ждал больше часа, хотя был записан на 2:00. Врач торопился и ничего не объяснил. Вышло около 7000 сом, как и говорили."
2026-04-18,5,Динара В.,40,Сыну делали циркониевую коронку. Врач Ирина Викторовна всё объяснила спокойно и показала снимок. Парковка рядом неудобная. Сделали за 4 визита. Цены средние по городу.
2026-04-25,4,Алина О.,9,"Пришла по совету подруги. Мне меняли старую пломбу. У Тилек лёгкая рука, укол почти не почувствовал. Пришлось прийти второй раз на подгонку. Цены средние по городу."
2026-04-26,1,Тимур Б.,27,"Записались за два дня. Жене лечили пульпит. Пломба выпала через 23 дней, переделывать бесплатно отказались. Дали гарантию на год."
2026-04-29,5,Асель К.,2,"Переехали в этот район и искали рядом. Мужу лечили два канала на нижней шестёрке. Доктор Бектур сразу сказал, сколько будет стоить. Ждал в коридоре минут 70. Буду ходить сюда."
2026-04-30,5,Елена Д.,1,"Записались за два дня. Жене делали профчистку с Air Flow. Асель Маратовна предложил два варианта лечения на выбор. Парковка рядом неудобная. Вышло около 9500 сом, как и говорили. Спасибо!"
2026-05-08,5,Чолпон Г.,27,"Пришла по совету подруги. Дочке лечили кариес на молочных зубах. Эрмек предложил два варианта лечения на выбор. Оплатили картой, дали чек. Цены средние по городу."
2026-05-12,5,Бекжан Е.,15,"Дочке перелечивали старый канал. У Жанара лёгкая рука, укол почти не почувствовал. Анестезия подействовала сразу. Дома немного ныло пару дней, потом прошло. Цены средние по городу."
2026-05-13,5,Алина Н.,6,"Нашли клинику через 2ГИС. Дочке лечили два канала на нижней шестёрке. Врач Ирина Викторовна всё объяснила спокойно и показала снимок. Парковка рядом неудобная. Вышло около 17500 сом, как и говорили. Пока всё держится."
2026-05-20,5,Ольга О.,15,"Дочке лечили пульпит. Бектур предложил два варианта лечения на выбор. Дома немного ныло пару дней, потом прошло. Через неделю на контроле всё хорошо. Пришлось прийти второй раз на подгонку. Буду ходить сюда."
2026-05-28,4,Динара Б.,6,"Обратились с острой болью вечером. Папе лечили кариес на молочных зубах. Алмаз предложил два варианта лечения на выбор. Вышло около 15000 сом, как и говорили. Парковка рядом неудобная."
2026-06-06,1,Жылдыз К.,40,"Мужу делали циркониевую коронку. После удаления неделю болело, на звонки в клинику не отвечали. Администратор перезвонила накануне и напомнила о визите."
2026-06-08,5,Марат З.,9,"Жене лечили кариес на молочных зубах. У Наргиза лёгкая рука, укол почти не почувствовал. Парковка рядом неудобная. Вышло около 12500 сом, как и говорили. Пока всё держится."
2026-06-18,4,Жылдыз С.,27,Папе делали временную коронку. Бектур предложил два варианта лечения на выбор. Ждал в коридоре минут 19. Администратор перезвонила накануне и напомнила о визите. Пока всё держится.
2026-06-22,5,Мээрим З.,27,"Нашли клинику через 2ГИС. Жене удаляли нижний зуб мудрости. Врач Виктория всё объяснила спокойно и показала снимок. Дома немного ныло пару дней, потом прошло. Вышло около 1000 сом, как и говорили. Пришлось прийти второй раз на подгонку. Спасибо!"
2026-06-28,5,Бакыт Г.,9,"Ходили в начале месяца. Мне меняли старую пломбу. Наргиза предложил два варианта лечения на выбор. Через неделю на контроле всё хорошо. Вышло около 7000 сом, как и говорили."
2026-06-29,5,Камила З.,15,"Маме перелечивали старый канал. Тилек работает аккуратно, без спешки. Оплатили картой, дали чек. Буду ходить сюда."
2026-07-06,1,Мээрим Е.,9,"Были здесь уже раз пятый. Мужу меняли старую пломбу. Ребёнка не смогли успокоить, сказали приходить с наркозом за 8000 сом. Пришлось прийти второй раз на подгонку."
2026-07-08,4,Руслан Д.,15,Ходили в начале месяца. Мне и брату лечили два канала на нижней шестёрке. Азиз предложил два варианта лечения на выбор. Сделали за 3 визита. Рекомендую этого врача.
2026-07-14,5,Динара Ж.,1,"Обратились с острой болью вечером. Жене делали КТ перед имплантацией. Доктор Бектур сразу сказал, сколько будет стоить. Пришлось прийти второй раз на подгонку. Ждал в коридоре минут 29. Рекомендую этого врача."
2026-07-20,5,Ольга Н.,2,"Записались за два дня. Маме делали профчистку с Air Flow. Через неделю на контроле всё хорошо. Оплатили картой, дали чек. Парковка рядом неудобная. Цены средние по городу."
2026-07-27,4,Нурлан О.,4,Переехали в этот район и искали рядом. Мне меняли старую пломбу. Ждал в коридоре минут 29. Через неделю на контроле всё хорошо. Рекомендую этого врача.
2026-07-30,1,Нурлан К.,4,"Мне и брату перелечивали старый канал. Администратор нагрубила по телефону, перенесли запись без предупреждения. Оплатили картой, дали чек."
2026-08-10,5,Чолпон Е.,1,"Переехали в этот район и искали рядом. Дочке делали циркониевую коронку. У Жанара лёгкая рука, укол почти не почувствовал. Дали гарантию на год."
2026-08-20,5,Жылдыз Н.,2,Обратились с острой болью вечером. Мужу делали временную коронку. Пришлось прийти второй раз на подгонку. Спасибо!
2026-08-26,3,Наталья О.,9,"Мне и брату делали временную коронку. Эрмек предложил два варианта лечения на выбор. Дали гарантию на год. Вышло около 8500 сом, как и говорили. Ждал в коридоре минут 49. Сделали нормально, но сервис мог бы быть лучше. Буду ходить сюда."
2026-08-28,1,Сергей Ж.,27,"Мужу ставили имплант Osstem. Ждал больше часа, хотя был записан на 3:00. Врач торопился и ничего не объяснил. Оплатили картой, дали чек."
